i,seed,status,score,elapsed_sec,moves,pellets_total,pellets_eaten,completion_pct,ts
0,5550,WIN,1300,17.789945,3105,115,115,100.0,1756374975
1,4878,LOSS,770,6.418493,1143,111,52,46.85,1756374981
2,2915,LOSS,1460,17.968227,3177,121,111,91.74,1756375000
3,6267,WIN,2840,17.444801,3105,124,124,100.0,1756375018
4,6460,WIN,4260,16.239189,2852,111,111,100.0,1756375035
